{
  "sweep_params": {
    "n_MYCN_Cd_vals": [
      2,
      3
    ],
    "k_Cd_tx_MYCN_vals": [
      1.0,
      2.0,
      3.0,
      4.0,
      6.0,
      8.0,
      10.0,
      15.0
    ],
    "K_MYCN_Cd_vals": [
      0.3,
      0.5,
      0.7,
      1.0,
      1.5
    ],
    "k_Cd_tx_Gli_max_vals": [
      2.5,
      3.0,
      3.5,
      4.0
    ],
    "MYCN_amp_MB_vals": [
      2.8,
      4.0,
      5.0
    ],
    "k_MYCN_synth_basal": 0.3
  },
  "stats": {
    "total": 960,
    "tested": 960,
    "passed": 603,
    "skipped": 357,
    "time_minutes": 43.081624233722685
  },
  "top_20": [
    {
      "score": 0.23148345947371005,
      "params": {
        "n_MYCN_Cd": 3,
        "k_Cd_tx_MYCN": 15.0,
        "K_MYCN_Cd": 1.5,
        "k_Cd_tx_Gli_max": 4.0,
        "k_MYCN_synth_basal": 0.3,
        "MYCN_amplification_MB": 2.8
      },
      "details": {
        "wt_gdc_cd_ratio": 0.1419937480267892,
        "mb_gdc_cd_ratio": 0.4109578845921342,
        "mycn_wt_gdc_ratio": 0.7879169932970502,
        "mycn_mb_gdc_ratio": 0.9098693546792855,
        "ezh2_g0_ratio": 0.6842818811057693,
        "mb_ezh2_gdc_red": 18.760923275175756,
        "mb_ezh2i_fc": 2.098990723635027,
        "wt_period": 22.070345057509584,
        "wt_div": 25,
        "mb_div": 30,
        "mb_gdc_div": 0,
        "mb_combo_div": 29,
        "mb_gdc_cd": 1.6766805579591904,
        "mb_combo_cd": 3.175914584354078
      }
    },
    {
      "score": 0.24871067503083158,
      "params": {
        "n_MYCN_Cd": 3,
        "k_Cd_tx_MYCN": 10.0,
        "K_MYCN_Cd": 1.5,
        "k_Cd_tx_Gli_max": 3.5,
        "k_MYCN_synth_basal": 0.3,
        "MYCN_amplification_MB": 2.8
      },
      "details": {
        "wt_gdc_cd_ratio": 0.14401814724804837,
        "mb_gdc_cd_ratio": 0.3904972581892914,
        "mycn_wt_gdc_ratio": 0.7879169932970502,
        "mycn_mb_gdc_ratio": 0.9098693546792855,
        "ezh2_g0_ratio": 0.6841977645355282,
        "mb_ezh2_gdc_red": 30.278440442839393,
        "mb_ezh2i_fc": 2.061696355696209,
        "wt_period": 24.061153049317742,
        "wt_div": 22,
        "mb_div": 29,
        "mb_gdc_div": 0,
        "mb_combo_div": 24,
        "mb_gdc_cd": 1.2882645595341389,
        "mb_combo_cd": 2.242276389569384
      }
    },
    {
      "score": 0.2664629427911209,
      "params": {
        "n_MYCN_Cd": 3,
        "k_Cd_tx_MYCN": 2.0,
        "K_MYCN_Cd": 0.7,
        "k_Cd_tx_Gli_max": 4.0,
        "k_MYCN_synth_basal": 0.3,
        "MYCN_amplification_MB": 4.0
      },
      "details": {
        "wt_gdc_cd_ratio": 0.1498696036177808,
        "mb_gdc_cd_ratio": 0.39998020956853536,
        "mycn_wt_gdc_ratio": 0.7879169932970502,
        "mycn_mb_gdc_ratio": 0.9351551970960719,
        "ezh2_g0_ratio": 0.6898023209497425,
        "mb_ezh2_gdc_red": 27.529343856722164,
        "mb_ezh2i_fc": 2.073836323038631,
        "wt_period": 21.95782630438406,
        "wt_div": 25,
        "mb_div": 30,
        "mb_gdc_div": 0,
        "mb_combo_div": 25,
        "mb_gdc_cd": 1.382800656517474,
        "mb_combo_cd": 2.460948816996622
      }
    },
    {
      "score": 0.2763830762676312,
      "params": {
        "n_MYCN_Cd": 3,
        "k_Cd_tx_MYCN": 4.0,
        "K_MYCN_Cd": 1.0,
        "k_Cd_tx_Gli_max": 3.5,
        "k_MYCN_synth_basal": 0.3,
        "MYCN_amplification_MB": 2.8
      },
      "details": {
        "wt_gdc_cd_ratio": 0.15195785966435343,
        "mb_gdc_cd_ratio": 0.39853313112041266,
        "mycn_wt_gdc_ratio": 0.7879169932970504,
        "mycn_mb_gdc_ratio": 0.9098693546792855,
        "ezh2_g0_ratio": 0.6875302999423821,
        "mb_ezh2_gdc_red": 30.196257689870187,
        "mb_ezh2i_fc": 2.058824198138534,
        "wt_period": 23.813059752382973,
        "wt_div": 23,
        "mb_div": 29,
        "mb_gdc_div": 0,
        "mb_combo_div": 24,
        "mb_gdc_cd": 1.2853441760516042,
        "mb_combo_cd": 2.235684722333844
      }
    },
    {
      "score": 0.33857377249422704,
      "params": {
        "n_MYCN_Cd": 3,
        "k_Cd_tx_MYCN": 2.0,
        "K_MYCN_Cd": 1.0,
        "k_Cd_tx_Gli_max": 3.5,
        "k_MYCN_synth_basal": 0.3,
        "MYCN_amplification_MB": 4.0
      },
      "details": {
        "wt_gdc_cd_ratio": 0.1358497061929804,
        "mb_gdc_cd_ratio": 0.3853232871802743,
        "mycn_wt_gdc_ratio": 0.7879169932970504,
        "mycn_mb_gdc_ratio": 0.9351551970960723,
        "ezh2_g0_ratio": 0.6802282876679504,
        "mb_ezh2_gdc_red": 33.66506276345979,
        "mb_ezh2i_fc": 2.0418949372000874,
        "wt_period": 24.375491153287456,
        "wt_div": 22,
        "mb_div": 28,
        "mb_gdc_div": 0,
        "mb_combo_div": 21,
        "mb_gdc_cd": 1.1577649993041508,
        "mb_combo_cd": 1.9585777126099713
      }
    },
    {
      "score": 0.3509001484765346,
      "params": {
        "n_MYCN_Cd": 2,
        "k_Cd_tx_MYCN": 3.0,
        "K_MYCN_Cd": 1.5,
        "k_Cd_tx_Gli_max": 4.0,
        "k_MYCN_synth_basal": 0.3,
        "MYCN_amplification_MB": 5.0
      },
      "details": {
        "wt_gdc_cd_ratio": 0.14240970890368146,
        "mb_gdc_cd_ratio": 0.3816287965259559,
        "mycn_wt_gdc_ratio": 0.7879169932970506,
        "mycn_mb_gdc_ratio": 0.9474425420768258,
        "ezh2_g0_ratio": 0.6832430443649182,
        "mb_ezh2_gdc_red": 30.56650530880495,
        "mb_ezh2i_fc": 2.0666505390625933,
        "wt_period": 22.270378396399398,
        "wt_div": 25,
        "mb_div": 29,
        "mb_gdc_div": 0,
        "mb_combo_div": 24,
        "mb_gdc_cd": 1.2916803374061665,
        "mb_combo_cd": 2.2500000000000004
      }
    },
    {
      "score": 0.3886428601189894,
      "params": {
        "n_MYCN_Cd": 3,
        "k_Cd_tx_MYCN": 3.0,
        "K_MYCN_Cd": 1.0,
        "k_Cd_tx_Gli_max": 4.0,
        "k_MYCN_synth_basal": 0.3,
        "MYCN_amplification_MB": 4.0
      },
      "details": {
        "wt_gdc_cd_ratio": 0.13057051810013115,
        "mb_gdc_cd_ratio": 0.4137319048494139,
        "mycn_wt_gdc_ratio": 0.7879169932970502,
        "mycn_mb_gdc_ratio": 0.9351551970960725,
        "ezh2_g0_ratio": 0.6802251234480151,
        "mb_ezh2_gdc_red": 23.313928576770305,
        "mb_ezh2i_fc": 2.0819371235497734,
        "wt_period": 22.35589989635954,
        "wt_div": 24,
        "mb_div": 29,
        "mb_gdc_div": 0,
        "mb_combo_div": 27,
        "mb_gdc_cd": 1.5031761992787347,
        "mb_combo_cd": 2.7503665689149566
      }
    },
    {
      "score": 0.3927338888871837,
      "params": {
        "n_MYCN_Cd": 3,
        "k_Cd_tx_MYCN": 4.0,
        "K_MYCN_Cd": 1.5,
        "k_Cd_tx_Gli_max": 3.5,
        "k_MYCN_synth_basal": 0.3,
        "MYCN_amplification_MB": 4.0
      },
      "details": {
        "wt_gdc_cd_ratio": 0.12914587639467223,
        "mb_gdc_cd_ratio": 0.3899915061848144,
        "mycn_wt_gdc_ratio": 0.7879169932970504,
        "mycn_mb_gdc_ratio": 0.9351551970960723,
        "ezh2_g0_ratio": 0.6779444902981763,
        "mb_ezh2_gdc_red": 32.58429157119854,
        "mb_ezh2i_fc": 2.051987263490327,
        "wt_period": 24.60886338199224,
        "wt_div": 22,
        "mb_div": 29,
        "mb_gdc_div": 0,
        "mb_combo_div": 22,
        "mb_gdc_cd": 1.209395622890567,
        "mb_combo_cd": 2.068121693121695
      }
    },
    {
      "score": 0.4047150018734931,
      "params": {
        "n_MYCN_Cd": 3,
        "k_Cd_tx_MYCN": 2.0,
        "K_MYCN_Cd": 1.0,
        "k_Cd_tx_Gli_max": 3.5,
        "k_MYCN_synth_basal": 0.3,
        "MYCN_amplification_MB": 5.0
      },
      "details": {
        "wt_gdc_cd_ratio": 0.1358497061929804,
        "mb_gdc_cd_ratio": 0.41986207471337866,
        "mycn_wt_gdc_ratio": 0.7879169932970504,
        "mycn_mb_gdc_ratio": 0.9474425420768259,
        "ezh2_g0_ratio": 0.6802282876679504,
        "mb_ezh2_gdc_red": 28.76991196001637,
        "mb_ezh2i_fc": 2.0543301779538607,
        "wt_period": 24.375491153287456,
        "wt_div": 22,
        "mb_div": 29,
        "mb_gdc_div": 0,
        "mb_combo_div": 24,